file_name,prompt
29_0.png,Image of church
21_5.png,Image of church
22_0.png,Image of church
24_7.png,Image of church
25_2.png,Image of church
27_9.png,Image of church
28_4.png,Image of church
20_9.png,Image of church
21_4.png,Image of church
24_6.png,Image of church
25_1.png,Image of church
27_8.png,Image of church
28_3.png,Image of church
20_8.png,Image of church
21_3.png,Image of church
24_5.png,Image of church
25_0.png,Image of church
27_7.png,Image of church
28_2.png,Image of church
20_7.png,Image of church
21_2.png,Image of church
23_9.png,Image of church
24_4.png,Image of church
27_6.png,Image of church
28_1.png,Image of church
20_6.png,Image of church
21_1.png,Image of church
23_8.png,Image of church
24_3.png,Image of church
27_5.png,Image of church
28_0.png,Image of church
20_5.png,Image of church
21_0.png,Image of church
23_7.png,Image of church
24_2.png,Image of church
26_9.png,Image of church
27_4.png,Image of church
20_4.png,Image of church
23_6.png,Image of church
24_1.png,Image of church
26_8.png,Image of church
27_3.png,Image of church
20_3.png,Image of church
23_5.png,Image of church
24_0.png,Image of church
26_7.png,Image of church
27_2.png,Image of church
20_2.png,Image of church
22_9.png,Image of church
23_4.png,Image of church
26_6.png,Image of church
27_1.png,Image of church
29_8.png,Image of church
20_1.png,Image of church
22_8.png,Image of church
23_3.png,Image of church
26_5.png,Image of church
27_0.png,Image of church
29_7.png,Image of church
20_0.png,Image of church
22_7.png,Image of church
23_2.png,Image of church
25_9.png,Image of church
26_4.png,Image of church
29_6.png,Image of church
22_6.png,Image of church
23_1.png,Image of church
25_8.png,Image of church
26_3.png,Image of church
29_5.png,Image of church
22_5.png,Image of church
23_0.png,Image of church
25_7.png,Image of church
26_2.png,Image of church
28_9.png,Image of church
29_4.png,Image of church
21_9.png,Image of church
22_4.png,Image of church
25_6.png,Image of church
26_1.png,Image of church
28_8.png,Image of church
29_3.png,Image of church
29_9.png,Image of church
21_8.png,Image of church
22_3.png,Image of church
25_5.png,Image of church
26_0.png,Image of church
28_7.png,Image of church
29_2.png,Image of church
21_7.png,Image of church
22_2.png,Image of church
24_9.png,Image of church
25_4.png,Image of church
28_6.png,Image of church
29_1.png,Image of church
21_6.png,Image of church
22_1.png,Image of church
24_8.png,Image of church
25_3.png,Image of church
28_5.png,Image of church
